packet_id,candidate_id,candidate_version,packet_status,evidence_status,current_condition_status,risk_flags,coverage_gaps,manual_review_checklist
pds_v0_5_sc_ecard_010d0f9aa476fb1a2238,sc:ecard:010d0f9aa476fb1a2238,v0.3.0,blocked_missing_current_condition,needs_more_evidence,blocked_missing_current_condition,"[""candidate_level_metric_missing"", ""research_risk_flag_count_6"", ""upstream_candidate_not_evaluable""]","[""actual_metric_summary_unavailable"", ""adoption_required_checks_not_ready"", ""candidate_level_metric_missing"", ""oos_stability_not_confirmed""]","[""confirm_current_kospi200_boundary_snapshot"", ""obtain_candidate_level_evaluation_evidence_before_use"", ""review_evaluation_evidence_source_packet"", ""review_cost_sensitivity_flags"", ""review_drawdown_volatility_turnover_flags"", ""confirm_no_order_or_position_instruction_is_generated""]"
pds_v0_5_sc_ecard_02d116258bfc1e36028a,sc:ecard:02d116258bfc1e36028a,v0.3.0,blocked_missing_current_condition,needs_more_evidence,blocked_missing_current_condition,"[""candidate_level_metric_missing"", ""research_risk_flag_count_6"", ""upstream_candidate_not_evaluable""]","[""actual_metric_summary_unavailable"", ""adoption_required_checks_not_ready"", ""candidate_level_metric_missing"", ""oos_stability_not_confirmed""]","[""confirm_current_kospi200_boundary_snapshot"", ""obtain_candidate_level_evaluation_evidence_before_use"", ""review_evaluation_evidence_source_packet"", ""review_cost_sensitivity_flags"", ""review_drawdown_volatility_turnover_flags"", ""confirm_no_order_or_position_instruction_is_generated""]"
pds_v0_5_sc_ecard_02f56db7dbb7475b226d,sc:ecard:02f56db7dbb7475b226d,v0.3.0,blocked_missing_current_condition,evidence_recorded,blocked_missing_current_condition,"[""drawdown_metric_available"", ""research_risk_flag_count_6""]",[],"[""confirm_current_kospi200_boundary_snapshot"", ""review_evaluation_evidence_source_packet"", ""review_cost_sensitivity_flags"", ""review_drawdown_volatility_turnover_flags"", ""confirm_no_order_or_position_instruction_is_generated"", ""treat_ml_ranking_manifest_as_reference_only""]"
pds_v0_5_sc_ecard_036ba7277bc6db18ab53,sc:ecard:036ba7277bc6db18ab53,v0.3.0,blocked_missing_current_condition,evidence_recorded,blocked_missing_current_condition,"[""drawdown_metric_available"", ""research_risk_flag_count_6""]",[],"[""confirm_current_kospi200_boundary_snapshot"", ""review_evaluation_evidence_source_packet"", ""review_cost_sensitivity_flags"", ""review_drawdown_volatility_turnover_flags"", ""confirm_no_order_or_position_instruction_is_generated"", ""treat_ml_ranking_manifest_as_reference_only""]"
pds_v0_5_sc_ecard_06aea1bbb74c3e22b38d,sc:ecard:06aea1bbb74c3e22b38d,v0.3.0,blocked_missing_current_condition,needs_more_evidence,blocked_missing_current_condition,"[""candidate_level_metric_missing"", ""research_risk_flag_count_6"", ""upstream_candidate_not_evaluable""]","[""actual_metric_summary_unavailable"", ""adoption_required_checks_not_ready"", ""candidate_level_metric_missing"", ""oos_stability_not_confirmed""]","[""confirm_current_kospi200_boundary_snapshot"", ""obtain_candidate_level_evaluation_evidence_before_use"", ""review_evaluation_evidence_source_packet"", ""review_cost_sensitivity_flags"", ""review_drawdown_volatility_turnover_flags"", ""confirm_no_order_or_position_instruction_is_generated""]"
pds_v0_5_sc_ecard_07e715a18ca303a035e9,sc:ecard:07e715a18ca303a035e9,v0.3.0,blocked_missing_current_condition,needs_more_evidence,blocked_missing_current_condition,"[""candidate_level_metric_missing"", ""research_risk_flag_count_6"", ""upstream_candidate_not_evaluable""]","[""actual_metric_summary_unavailable"", ""adoption_required_checks_not_ready"", ""candidate_level_metric_missing"", ""oos_stability_not_confirmed""]","[""confirm_current_kospi200_boundary_snapshot"", ""obtain_candidate_level_evaluation_evidence_before_use"", ""review_evaluation_evidence_source_packet"", ""review_cost_sensitivity_flags"", ""review_drawdown_volatility_turnover_flags"", ""confirm_no_order_or_position_instruction_is_generated""]"
pds_v0_5_sc_ecard_08da6a7622f361dae6e2,sc:ecard:08da6a7622f361dae6e2,v0.3.0,blocked_missing_current_condition,needs_more_evidence,blocked_missing_current_condition,"[""candidate_level_metric_missing"", ""research_risk_flag_count_6"", ""upstream_candidate_not_evaluable""]","[""actual_metric_summary_unavailable"", ""adoption_required_checks_not_ready"", ""candidate_level_metric_missing"", ""oos_stability_not_confirmed""]","[""confirm_current_kospi200_boundary_snapshot"", ""obtain_candidate_level_evaluation_evidence_before_use"", ""review_evaluation_evidence_source_packet"", ""review_cost_sensitivity_flags"", ""review_drawdown_volatility_turnover_flags"", ""confirm_no_order_or_position_instruction_is_generated""]"
pds_v0_5_sc_ecard_0910c98f460841de26c5,sc:ecard:0910c98f460841de26c5,v0.3.0,blocked_missing_current_condition,evidence_recorded,blocked_missing_current_condition,"[""drawdown_metric_available"", ""research_risk_flag_count_6""]",[],"[""confirm_current_kospi200_boundary_snapshot"", ""review_evaluation_evidence_source_packet"", ""review_cost_sensitivity_flags"", ""review_drawdown_volatility_turnover_flags"", ""confirm_no_order_or_position_instruction_is_generated"", ""treat_ml_ranking_manifest_as_reference_only""]"
pds_v0_5_sc_ecard_0bde902d7888f21a20a0,sc:ecard:0bde902d7888f21a20a0,v0.3.0,blocked_missing_current_condition,evidence_recorded,blocked_missing_current_condition,"[""drawdown_metric_available"", ""research_risk_flag_count_6""]",[],"[""confirm_current_kospi200_boundary_snapshot"", ""review_evaluation_evidence_source_packet"", ""review_cost_sensitivity_flags"", ""review_drawdown_volatility_turnover_flags"", ""confirm_no_order_or_position_instruction_is_generated"", ""treat_ml_ranking_manifest_as_reference_only""]"
pds_v0_5_sc_ecard_0d697687f5142e31a28c,sc:ecard:0d697687f5142e31a28c,v0.3.0,blocked_missing_current_condition,needs_more_evidence,blocked_missing_current_condition,"[""candidate_level_metric_missing"", ""research_risk_flag_count_6"", ""upstream_candidate_not_evaluable""]","[""actual_metric_summary_unavailable"", ""adoption_required_checks_not_ready"", ""candidate_level_metric_missing"", ""oos_stability_not_confirmed""]","[""confirm_current_kospi200_boundary_snapshot"", ""obtain_candidate_level_evaluation_evidence_before_use"", ""review_evaluation_evidence_source_packet"", ""review_cost_sensitivity_flags"", ""review_drawdown_volatility_turnover_flags"", ""confirm_no_order_or_position_instruction_is_generated""]"
pds_v0_5_sc_ecard_0da45534c2e2d78afee8,sc:ecard:0da45534c2e2d78afee8,v0.3.0,blocked_missing_current_condition,needs_more_evidence,blocked_missing_current_condition,"[""candidate_level_metric_missing"", ""research_risk_flag_count_6"", ""upstream_candidate_not_evaluable""]","[""actual_metric_summary_unavailable"", ""adoption_required_checks_not_ready"", ""candidate_level_metric_missing"", ""oos_stability_not_confirmed""]","[""confirm_current_kospi200_boundary_snapshot"", ""obtain_candidate_level_evaluation_evidence_before_use"", ""review_evaluation_evidence_source_packet"", ""review_cost_sensitivity_flags"", ""review_drawdown_volatility_turnover_flags"", ""confirm_no_order_or_position_instruction_is_generated""]"
pds_v0_5_sc_ecard_10798fed15c217f31b98,sc:ecard:10798fed15c217f31b98,v0.3.0,blocked_missing_current_condition,needs_more_evidence,blocked_missing_current_condition,"[""candidate_level_metric_missing"", ""research_risk_flag_count_6"", ""upstream_candidate_not_evaluable""]","[""actual_metric_summary_unavailable"", ""adoption_required_checks_not_ready"", ""candidate_level_metric_missing"", ""oos_stability_not_confirmed""]","[""confirm_current_kospi200_boundary_snapshot"", ""obtain_candidate_level_evaluation_evidence_before_use"", ""review_evaluation_evidence_source_packet"", ""review_cost_sensitivity_flags"", ""review_drawdown_volatility_turnover_flags"", ""confirm_no_order_or_position_instruction_is_generated""]"
pds_v0_5_sc_ecard_11b1351c43e8100fa6b4,sc:ecard:11b1351c43e8100fa6b4,v0.3.0,blocked_missing_current_condition,needs_more_evidence,blocked_missing_current_condition,"[""candidate_level_metric_missing"", ""research_risk_flag_count_6"", ""upstream_candidate_not_evaluable""]","[""actual_metric_summary_unavailable"", ""adoption_required_checks_not_ready"", ""candidate_level_metric_missing"", ""oos_stability_not_confirmed""]","[""confirm_current_kospi200_boundary_snapshot"", ""obtain_candidate_level_evaluation_evidence_before_use"", ""review_evaluation_evidence_source_packet"", ""review_cost_sensitivity_flags"", ""review_drawdown_volatility_turnover_flags"", ""confirm_no_order_or_position_instruction_is_generated""]"
pds_v0_5_sc_ecard_122d62c1e7a158e952c2,sc:ecard:122d62c1e7a158e952c2,v0.3.0,blocked_missing_current_condition,needs_more_evidence,blocked_missing_current_condition,"[""candidate_level_metric_missing"", ""research_risk_flag_count_6"", ""upstream_candidate_not_evaluable""]","[""actual_metric_summary_unavailable"", ""adoption_required_checks_not_ready"", ""candidate_level_metric_missing"", ""oos_stability_not_confirmed""]","[""confirm_current_kospi200_boundary_snapshot"", ""obtain_candidate_level_evaluation_evidence_before_use"", ""review_evaluation_evidence_source_packet"", ""review_cost_sensitivity_flags"", ""review_drawdown_volatility_turnover_flags"", ""confirm_no_order_or_position_instruction_is_generated""]"
pds_v0_5_sc_ecard_126fb6084d72e85e82a0,sc:ecard:126fb6084d72e85e82a0,v0.3.0,blocked_missing_current_condition,evidence_recorded,blocked_missing_current_condition,"[""drawdown_metric_available"", ""research_risk_flag_count_6""]",[],"[""confirm_current_kospi200_boundary_snapshot"", ""review_evaluation_evidence_source_packet"", ""review_cost_sensitivity_flags"", ""review_drawdown_volatility_turnover_flags"", ""confirm_no_order_or_position_instruction_is_generated"", ""treat_ml_ranking_manifest_as_reference_only""]"
pds_v0_5_sc_ecard_1365b735b7a9a20a8c34,sc:ecard:1365b735b7a9a20a8c34,v0.3.0,blocked_missing_current_condition,needs_more_evidence,blocked_missing_current_condition,"[""candidate_level_metric_missing"", ""research_risk_flag_count_6"", ""upstream_candidate_not_evaluable""]","[""actual_metric_summary_unavailable"", ""adoption_required_checks_not_ready"", ""candidate_level_metric_missing"", ""oos_stability_not_confirmed""]","[""confirm_current_kospi200_boundary_snapshot"", ""obtain_candidate_level_evaluation_evidence_before_use"", ""review_evaluation_evidence_source_packet"", ""review_cost_sensitivity_flags"", ""review_drawdown_volatility_turnover_flags"", ""confirm_no_order_or_position_instruction_is_generated""]"
pds_v0_5_sc_ecard_154d648d554b4b22a3d4,sc:ecard:154d648d554b4b22a3d4,v0.3.0,blocked_missing_current_condition,evidence_recorded,blocked_missing_current_condition,"[""drawdown_metric_available"", ""research_risk_flag_count_6""]",[],"[""confirm_current_kospi200_boundary_snapshot"", ""review_evaluation_evidence_source_packet"", ""review_cost_sensitivity_flags"", ""review_drawdown_volatility_turnover_flags"", ""confirm_no_order_or_position_instruction_is_generated"", ""treat_ml_ranking_manifest_as_reference_only""]"
pds_v0_5_sc_ecard_17f72dcbf14d500ec397,sc:ecard:17f72dcbf14d500ec397,v0.3.0,blocked_missing_current_condition,evidence_recorded,blocked_missing_current_condition,"[""drawdown_metric_available"", ""research_risk_flag_count_6""]",[],"[""confirm_current_kospi200_boundary_snapshot"", ""review_evaluation_evidence_source_packet"", ""review_cost_sensitivity_flags"", ""review_drawdown_volatility_turnover_flags"", ""confirm_no_order_or_position_instruction_is_generated"", ""treat_ml_ranking_manifest_as_reference_only""]"
pds_v0_5_sc_ecard_19bbe901b54451918ef7,sc:ecard:19bbe901b54451918ef7,v0.3.0,blocked_missing_current_condition,needs_more_evidence,blocked_missing_current_condition,"[""candidate_level_metric_missing"", ""research_risk_flag_count_6"", ""upstream_candidate_not_evaluable""]","[""actual_metric_summary_unavailable"", ""adoption_required_checks_not_ready"", ""candidate_level_metric_missing"", ""oos_stability_not_confirmed""]","[""confirm_current_kospi200_boundary_snapshot"", ""obtain_candidate_level_evaluation_evidence_before_use"", ""review_evaluation_evidence_source_packet"", ""review_cost_sensitivity_flags"", ""review_drawdown_volatility_turnover_flags"", ""confirm_no_order_or_position_instruction_is_generated""]"
pds_v0_5_sc_ecard_1a88b2819628df50c29c,sc:ecard:1a88b2819628df50c29c,v0.3.0,blocked_missing_current_condition,needs_more_evidence,blocked_missing_current_condition,"[""candidate_level_metric_missing"", ""research_risk_flag_count_6"", ""upstream_candidate_not_evaluable""]","[""actual_metric_summary_unavailable"", ""adoption_required_checks_not_ready"", ""candidate_level_metric_missing"", ""oos_stability_not_confirmed""]","[""confirm_current_kospi200_boundary_snapshot"", ""obtain_candidate_level_evaluation_evidence_before_use"", ""review_evaluation_evidence_source_packet"", ""review_cost_sensitivity_flags"", ""review_drawdown_volatility_turnover_flags"", ""confirm_no_order_or_position_instruction_is_generated""]"
pds_v0_5_sc_ecard_1c790392ad906eec98e9,sc:ecard:1c790392ad906eec98e9,v0.3.0,blocked_missing_current_condition,needs_more_evidence,blocked_missing_current_condition,"[""candidate_level_metric_missing"", ""research_risk_flag_count_6"", ""upstream_candidate_not_evaluable""]","[""actual_metric_summary_unavailable"", ""adoption_required_checks_not_ready"", ""candidate_level_metric_missing"", ""oos_stability_not_confirmed""]","[""confirm_current_kospi200_boundary_snapshot"", ""obtain_candidate_level_evaluation_evidence_before_use"", ""review_evaluation_evidence_source_packet"", ""review_cost_sensitivity_flags"", ""review_drawdown_volatility_turnover_flags"", ""confirm_no_order_or_position_instruction_is_generated""]"
pds_v0_5_sc_ecard_1f74ca00f843b7138be8,sc:ecard:1f74ca00f843b7138be8,v0.3.0,blocked_missing_current_condition,needs_more_evidence,blocked_missing_current_condition,"[""candidate_level_metric_missing"", ""research_risk_flag_count_6"", ""upstream_candidate_not_evaluable""]","[""actual_metric_summary_unavailable"", ""adoption_required_checks_not_ready"", ""candidate_level_metric_missing"", ""oos_stability_not_confirmed""]","[""confirm_current_kospi200_boundary_snapshot"", ""obtain_candidate_level_evaluation_evidence_before_use"", ""review_evaluation_evidence_source_packet"", ""review_cost_sensitivity_flags"", ""review_drawdown_volatility_turnover_flags"", ""confirm_no_order_or_position_instruction_is_generated""]"
pds_v0_5_sc_ecard_222478c272a5cd16615d,sc:ecard:222478c272a5cd16615d,v0.3.0,blocked_missing_current_condition,evidence_recorded,blocked_missing_current_condition,"[""drawdown_metric_available"", ""research_risk_flag_count_6""]",[],"[""confirm_current_kospi200_boundary_snapshot"", ""review_evaluation_evidence_source_packet"", ""review_cost_sensitivity_flags"", ""review_drawdown_volatility_turnover_flags"", ""confirm_no_order_or_position_instruction_is_generated"", ""treat_ml_ranking_manifest_as_reference_only""]"
pds_v0_5_sc_ecard_226ca886794af791cf00,sc:ecard:226ca886794af791cf00,v0.3.0,blocked_missing_current_condition,needs_more_evidence,blocked_missing_current_condition,"[""candidate_level_metric_missing"", ""research_risk_flag_count_6"", ""upstream_candidate_not_evaluable""]","[""actual_metric_summary_unavailable"", ""adoption_required_checks_not_ready"", ""candidate_level_metric_missing"", ""oos_stability_not_confirmed""]","[""confirm_current_kospi200_boundary_snapshot"", ""obtain_candidate_level_evaluation_evidence_before_use"", ""review_evaluation_evidence_source_packet"", ""review_cost_sensitivity_flags"", ""review_drawdown_volatility_turnover_flags"", ""confirm_no_order_or_position_instruction_is_generated""]"
pds_v0_5_sc_ecard_22fa09cdadb26beca521,sc:ecard:22fa09cdadb26beca521,v0.3.0,blocked_missing_current_condition,needs_more_evidence,blocked_missing_current_condition,"[""candidate_level_metric_missing"", ""research_risk_flag_count_6"", ""upstream_candidate_not_evaluable""]","[""actual_metric_summary_unavailable"", ""adoption_required_checks_not_ready"", ""candidate_level_metric_missing"", ""oos_stability_not_confirmed""]","[""confirm_current_kospi200_boundary_snapshot"", ""obtain_candidate_level_evaluation_evidence_before_use"", ""review_evaluation_evidence_source_packet"", ""review_cost_sensitivity_flags"", ""review_drawdown_volatility_turnover_flags"", ""confirm_no_order_or_position_instruction_is_generated""]"
pds_v0_5_sc_ecard_24f913b6e5b3f25493bf,sc:ecard:24f913b6e5b3f25493bf,v0.3.0,blocked_missing_current_condition,needs_more_evidence,blocked_missing_current_condition,"[""candidate_level_metric_missing"", ""research_risk_flag_count_6"", ""upstream_candidate_not_evaluable""]","[""actual_metric_summary_unavailable"", ""adoption_required_checks_not_ready"", ""candidate_level_metric_missing"", ""oos_stability_not_confirmed""]","[""confirm_current_kospi200_boundary_snapshot"", ""obtain_candidate_level_evaluation_evidence_before_use"", ""review_evaluation_evidence_source_packet"", ""review_cost_sensitivity_flags"", ""review_drawdown_volatility_turnover_flags"", ""confirm_no_order_or_position_instruction_is_generated""]"
pds_v0_5_sc_ecard_2588f670d131f7992933,sc:ecard:2588f670d131f7992933,v0.3.0,blocked_missing_current_condition,needs_more_evidence,blocked_missing_current_condition,"[""candidate_level_metric_missing"", ""research_risk_flag_count_6"", ""upstream_candidate_not_evaluable""]","[""actual_metric_summary_unavailable"", ""adoption_required_checks_not_ready"", ""candidate_level_metric_missing"", ""oos_stability_not_confirmed""]","[""confirm_current_kospi200_boundary_snapshot"", ""obtain_candidate_level_evaluation_evidence_before_use"", ""review_evaluation_evidence_source_packet"", ""review_cost_sensitivity_flags"", ""review_drawdown_volatility_turnover_flags"", ""confirm_no_order_or_position_instruction_is_generated""]"
pds_v0_5_sc_ecard_2a4a2324f4aecff44b16,sc:ecard:2a4a2324f4aecff44b16,v0.3.0,blocked_missing_current_condition,needs_more_evidence,blocked_missing_current_condition,"[""candidate_level_metric_missing"", ""research_risk_flag_count_6"", ""upstream_candidate_not_evaluable""]","[""actual_metric_summary_unavailable"", ""adoption_required_checks_not_ready"", ""candidate_level_metric_missing"", ""oos_stability_not_confirmed""]","[""confirm_current_kospi200_boundary_snapshot"", ""obtain_candidate_level_evaluation_evidence_before_use"", ""review_evaluation_evidence_source_packet"", ""review_cost_sensitivity_flags"", ""review_drawdown_volatility_turnover_flags"", ""confirm_no_order_or_position_instruction_is_generated""]"
pds_v0_5_sc_ecard_2d9c99fd0c5d10dc47c7,sc:ecard:2d9c99fd0c5d10dc47c7,v0.3.0,blocked_missing_current_condition,evidence_recorded,blocked_missing_current_condition,"[""drawdown_metric_available"", ""research_risk_flag_count_6""]",[],"[""confirm_current_kospi200_boundary_snapshot"", ""review_evaluation_evidence_source_packet"", ""review_cost_sensitivity_flags"", ""review_drawdown_volatility_turnover_flags"", ""confirm_no_order_or_position_instruction_is_generated"", ""treat_ml_ranking_manifest_as_reference_only""]"
pds_v0_5_sc_ecard_2ec5dd54f5df4127e5c8,sc:ecard:2ec5dd54f5df4127e5c8,v0.3.0,blocked_missing_current_condition,evidence_recorded,blocked_missing_current_condition,"[""drawdown_metric_available"", ""research_risk_flag_count_6""]",[],"[""confirm_current_kospi200_boundary_snapshot"", ""review_evaluation_evidence_source_packet"", ""review_cost_sensitivity_flags"", ""review_drawdown_volatility_turnover_flags"", ""confirm_no_order_or_position_instruction_is_generated"", ""treat_ml_ranking_manifest_as_reference_only""]"
pds_v0_5_sc_ecard_313c4461bef3560b2e4a,sc:ecard:313c4461bef3560b2e4a,v0.3.0,blocked_missing_current_condition,evidence_recorded,blocked_missing_current_condition,"[""drawdown_metric_available"", ""research_risk_flag_count_6""]",[],"[""confirm_current_kospi200_boundary_snapshot"", ""review_evaluation_evidence_source_packet"", ""review_cost_sensitivity_flags"", ""review_drawdown_volatility_turnover_flags"", ""confirm_no_order_or_position_instruction_is_generated"", ""treat_ml_ranking_manifest_as_reference_only""]"
pds_v0_5_sc_ecard_3149394b7c7d5648b714,sc:ecard:3149394b7c7d5648b714,v0.3.0,blocked_missing_current_condition,evidence_recorded,blocked_missing_current_condition,"[""drawdown_metric_available"", ""research_risk_flag_count_6""]",[],"[""confirm_current_kospi200_boundary_snapshot"", ""review_evaluation_evidence_source_packet"", ""review_cost_sensitivity_flags"", ""review_drawdown_volatility_turnover_flags"", ""confirm_no_order_or_position_instruction_is_generated"", ""treat_ml_ranking_manifest_as_reference_only""]"
pds_v0_5_sc_ecard_326c44730d772640843a,sc:ecard:326c44730d772640843a,v0.3.0,blocked_missing_current_condition,evidence_recorded,blocked_missing_current_condition,"[""drawdown_metric_available"", ""research_risk_flag_count_6""]",[],"[""confirm_current_kospi200_boundary_snapshot"", ""review_evaluation_evidence_source_packet"", ""review_cost_sensitivity_flags"", ""review_drawdown_volatility_turnover_flags"", ""confirm_no_order_or_position_instruction_is_generated"", ""treat_ml_ranking_manifest_as_reference_only""]"
pds_v0_5_sc_ecard_329df57345dc672d046a,sc:ecard:329df57345dc672d046a,v0.3.0,blocked_missing_current_condition,evidence_recorded,blocked_missing_current_condition,"[""drawdown_metric_available"", ""research_risk_flag_count_6""]",[],"[""confirm_current_kospi200_boundary_snapshot"", ""review_evaluation_evidence_source_packet"", ""review_cost_sensitivity_flags"", ""review_drawdown_volatility_turnover_flags"", ""confirm_no_order_or_position_instruction_is_generated"", ""treat_ml_ranking_manifest_as_reference_only""]"
pds_v0_5_sc_ecard_33f1eb352ff88f335f81,sc:ecard:33f1eb352ff88f335f81,v0.3.0,blocked_missing_current_condition,evidence_recorded,blocked_missing_current_condition,"[""drawdown_metric_available"", ""research_risk_flag_count_6""]",[],"[""confirm_current_kospi200_boundary_snapshot"", ""review_evaluation_evidence_source_packet"", ""review_cost_sensitivity_flags"", ""review_drawdown_volatility_turnover_flags"", ""confirm_no_order_or_position_instruction_is_generated"", ""treat_ml_ranking_manifest_as_reference_only""]"
pds_v0_5_sc_ecard_3580aa8772857dd35bd4,sc:ecard:3580aa8772857dd35bd4,v0.3.0,blocked_missing_current_condition,evidence_recorded,blocked_missing_current_condition,"[""drawdown_metric_available"", ""research_risk_flag_count_6""]",[],"[""confirm_current_kospi200_boundary_snapshot"", ""review_evaluation_evidence_source_packet"", ""review_cost_sensitivity_flags"", ""review_drawdown_volatility_turnover_flags"", ""confirm_no_order_or_position_instruction_is_generated"", ""treat_ml_ranking_manifest_as_reference_only""]"
pds_v0_5_sc_ecard_36a011912cf96b0831e4,sc:ecard:36a011912cf96b0831e4,v0.3.0,blocked_missing_current_condition,evidence_recorded,blocked_missing_current_condition,"[""drawdown_metric_available"", ""research_risk_flag_count_6""]",[],"[""confirm_current_kospi200_boundary_snapshot"", ""review_evaluation_evidence_source_packet"", ""review_cost_sensitivity_flags"", ""review_drawdown_volatility_turnover_flags"", ""confirm_no_order_or_position_instruction_is_generated"", ""treat_ml_ranking_manifest_as_reference_only""]"
pds_v0_5_sc_ecard_379ba2ce1b6052860ba3,sc:ecard:379ba2ce1b6052860ba3,v0.3.0,blocked_missing_current_condition,evidence_recorded,blocked_missing_current_condition,"[""drawdown_metric_available"", ""research_risk_flag_count_6""]",[],"[""confirm_current_kospi200_boundary_snapshot"", ""review_evaluation_evidence_source_packet"", ""review_cost_sensitivity_flags"", ""review_drawdown_volatility_turnover_flags"", ""confirm_no_order_or_position_instruction_is_generated"", ""treat_ml_ranking_manifest_as_reference_only""]"
pds_v0_5_sc_ecard_431056e2a173da03d1e8,sc:ecard:431056e2a173da03d1e8,v0.3.0,blocked_missing_current_condition,evidence_recorded,blocked_missing_current_condition,"[""drawdown_metric_available"", ""research_risk_flag_count_6""]",[],"[""confirm_current_kospi200_boundary_snapshot"", ""review_evaluation_evidence_source_packet"", ""review_cost_sensitivity_flags"", ""review_drawdown_volatility_turnover_flags"", ""confirm_no_order_or_position_instruction_is_generated"", ""treat_ml_ranking_manifest_as_reference_only""]"
pds_v0_5_sc_ecard_4e6b5c0867797eec3df8,sc:ecard:4e6b5c0867797eec3df8,v0.3.0,blocked_missing_current_condition,evidence_recorded,blocked_missing_current_condition,"[""drawdown_metric_available"", ""research_risk_flag_count_6""]",[],"[""confirm_current_kospi200_boundary_snapshot"", ""review_evaluation_evidence_source_packet"", ""review_cost_sensitivity_flags"", ""review_drawdown_volatility_turnover_flags"", ""confirm_no_order_or_position_instruction_is_generated"", ""treat_ml_ranking_manifest_as_reference_only""]"
pds_v0_5_sc_ecard_57b2375d7ab900c1da1b,sc:ecard:57b2375d7ab900c1da1b,v0.3.0,blocked_missing_current_condition,evidence_recorded,blocked_missing_current_condition,"[""drawdown_metric_available"", ""research_risk_flag_count_6""]",[],"[""confirm_current_kospi200_boundary_snapshot"", ""review_evaluation_evidence_source_packet"", ""review_cost_sensitivity_flags"", ""review_drawdown_volatility_turnover_flags"", ""confirm_no_order_or_position_instruction_is_generated"", ""treat_ml_ranking_manifest_as_reference_only""]"
pds_v0_5_sc_ecard_585a4f189352330f033a,sc:ecard:585a4f189352330f033a,v0.3.0,blocked_missing_current_condition,evidence_recorded,blocked_missing_current_condition,"[""drawdown_metric_available"", ""research_risk_flag_count_6""]",[],"[""confirm_current_kospi200_boundary_snapshot"", ""review_evaluation_evidence_source_packet"", ""review_cost_sensitivity_flags"", ""review_drawdown_volatility_turnover_flags"", ""confirm_no_order_or_position_instruction_is_generated"", ""treat_ml_ranking_manifest_as_reference_only""]"
pds_v0_5_sc_ecard_6078f60bd827785683bf,sc:ecard:6078f60bd827785683bf,v0.3.0,blocked_missing_current_condition,evidence_recorded,blocked_missing_current_condition,"[""drawdown_metric_available"", ""research_risk_flag_count_6""]",[],"[""confirm_current_kospi200_boundary_snapshot"", ""review_evaluation_evidence_source_packet"", ""review_cost_sensitivity_flags"", ""review_drawdown_volatility_turnover_flags"", ""confirm_no_order_or_position_instruction_is_generated"", ""treat_ml_ranking_manifest_as_reference_only""]"
pds_v0_5_sc_ecard_6662290e29da98ab5c15,sc:ecard:6662290e29da98ab5c15,v0.3.0,blocked_missing_current_condition,evidence_recorded,blocked_missing_current_condition,"[""drawdown_metric_available"", ""research_risk_flag_count_6""]",[],"[""confirm_current_kospi200_boundary_snapshot"", ""review_evaluation_evidence_source_packet"", ""review_cost_sensitivity_flags"", ""review_drawdown_volatility_turnover_flags"", ""confirm_no_order_or_position_instruction_is_generated"", ""treat_ml_ranking_manifest_as_reference_only""]"
pds_v0_5_sc_ecard_6828a0047564da84fe43,sc:ecard:6828a0047564da84fe43,v0.3.0,blocked_missing_current_condition,evidence_recorded,blocked_missing_current_condition,"[""drawdown_metric_available"", ""research_risk_flag_count_6""]",[],"[""confirm_current_kospi200_boundary_snapshot"", ""review_evaluation_evidence_source_packet"", ""review_cost_sensitivity_flags"", ""review_drawdown_volatility_turnover_flags"", ""confirm_no_order_or_position_instruction_is_generated"", ""treat_ml_ranking_manifest_as_reference_only""]"
pds_v0_5_sc_ecard_687ac3f1e09c49b3e725,sc:ecard:687ac3f1e09c49b3e725,v0.3.0,blocked_missing_current_condition,evidence_recorded,blocked_missing_current_condition,"[""drawdown_metric_available"", ""research_risk_flag_count_6""]",[],"[""confirm_current_kospi200_boundary_snapshot"", ""review_evaluation_evidence_source_packet"", ""review_cost_sensitivity_flags"", ""review_drawdown_volatility_turnover_flags"", ""confirm_no_order_or_position_instruction_is_generated"", ""treat_ml_ranking_manifest_as_reference_only""]"
pds_v0_5_sc_ecard_6a5dcbcb015cb2784314,sc:ecard:6a5dcbcb015cb2784314,v0.3.0,blocked_missing_current_condition,evidence_recorded,blocked_missing_current_condition,"[""drawdown_metric_available"", ""research_risk_flag_count_6""]",[],"[""confirm_current_kospi200_boundary_snapshot"", ""review_evaluation_evidence_source_packet"", ""review_cost_sensitivity_flags"", ""review_drawdown_volatility_turnover_flags"", ""confirm_no_order_or_position_instruction_is_generated"", ""treat_ml_ranking_manifest_as_reference_only""]"
pds_v0_5_sc_ecard_6a9cffea47a4d33bd9eb,sc:ecard:6a9cffea47a4d33bd9eb,v0.3.0,blocked_missing_current_condition,evidence_recorded,blocked_missing_current_condition,"[""drawdown_metric_available"", ""research_risk_flag_count_6""]",[],"[""confirm_current_kospi200_boundary_snapshot"", ""review_evaluation_evidence_source_packet"", ""review_cost_sensitivity_flags"", ""review_drawdown_volatility_turnover_flags"", ""confirm_no_order_or_position_instruction_is_generated"", ""treat_ml_ranking_manifest_as_reference_only""]"
pds_v0_5_sc_ecard_72b25e793091bd43a3da,sc:ecard:72b25e793091bd43a3da,v0.3.0,blocked_missing_current_condition,evidence_recorded,blocked_missing_current_condition,"[""drawdown_metric_available"", ""research_risk_flag_count_6""]",[],"[""confirm_current_kospi200_boundary_snapshot"", ""review_evaluation_evidence_source_packet"", ""review_cost_sensitivity_flags"", ""review_drawdown_volatility_turnover_flags"", ""confirm_no_order_or_position_instruction_is_generated"", ""treat_ml_ranking_manifest_as_reference_only""]"
pds_v0_5_sc_ecard_76bfe05098ce3dd93cf8,sc:ecard:76bfe05098ce3dd93cf8,v0.3.0,blocked_missing_current_condition,evidence_recorded,blocked_missing_current_condition,"[""drawdown_metric_available"", ""research_risk_flag_count_6""]",[],"[""confirm_current_kospi200_boundary_snapshot"", ""review_evaluation_evidence_source_packet"", ""review_cost_sensitivity_flags"", ""review_drawdown_volatility_turnover_flags"", ""confirm_no_order_or_position_instruction_is_generated"", ""treat_ml_ranking_manifest_as_reference_only""]"
pds_v0_5_sc_ecard_7eacf8a35ca049075bda,sc:ecard:7eacf8a35ca049075bda,v0.3.0,blocked_missing_current_condition,evidence_recorded,blocked_missing_current_condition,"[""drawdown_metric_available"", ""research_risk_flag_count_6""]",[],"[""confirm_current_kospi200_boundary_snapshot"", ""review_evaluation_evidence_source_packet"", ""review_cost_sensitivity_flags"", ""review_drawdown_volatility_turnover_flags"", ""confirm_no_order_or_position_instruction_is_generated"", ""treat_ml_ranking_manifest_as_reference_only""]"
pds_v0_5_sc_ecard_804c33f44268262857cd,sc:ecard:804c33f44268262857cd,v0.3.0,blocked_missing_current_condition,evidence_recorded,blocked_missing_current_condition,"[""drawdown_metric_available"", ""research_risk_flag_count_6""]",[],"[""confirm_current_kospi200_boundary_snapshot"", ""review_evaluation_evidence_source_packet"", ""review_cost_sensitivity_flags"", ""review_drawdown_volatility_turnover_flags"", ""confirm_no_order_or_position_instruction_is_generated"", ""treat_ml_ranking_manifest_as_reference_only""]"
pds_v0_5_sc_ecard_8530fbc96de367a86cf1,sc:ecard:8530fbc96de367a86cf1,v0.3.0,blocked_missing_current_condition,evidence_recorded,blocked_missing_current_condition,"[""drawdown_metric_available"", ""research_risk_flag_count_6""]",[],"[""confirm_current_kospi200_boundary_snapshot"", ""review_evaluation_evidence_source_packet"", ""review_cost_sensitivity_flags"", ""review_drawdown_volatility_turnover_flags"", ""confirm_no_order_or_position_instruction_is_generated"", ""treat_ml_ranking_manifest_as_reference_only""]"
pds_v0_5_sc_ecard_86d7f94c4c6c142ee973,sc:ecard:86d7f94c4c6c142ee973,v0.3.0,blocked_missing_current_condition,evidence_recorded,blocked_missing_current_condition,"[""drawdown_metric_available"", ""research_risk_flag_count_6""]",[],"[""confirm_current_kospi200_boundary_snapshot"", ""review_evaluation_evidence_source_packet"", ""review_cost_sensitivity_flags"", ""review_drawdown_volatility_turnover_flags"", ""confirm_no_order_or_position_instruction_is_generated"", ""treat_ml_ranking_manifest_as_reference_only""]"
pds_v0_5_sc_ecard_879f0712deaf4f995c36,sc:ecard:879f0712deaf4f995c36,v0.3.0,blocked_missing_current_condition,evidence_recorded,blocked_missing_current_condition,"[""drawdown_metric_available"", ""research_risk_flag_count_6""]",[],"[""confirm_current_kospi200_boundary_snapshot"", ""review_evaluation_evidence_source_packet"", ""review_cost_sensitivity_flags"", ""review_drawdown_volatility_turnover_flags"", ""confirm_no_order_or_position_instruction_is_generated"", ""treat_ml_ranking_manifest_as_reference_only""]"
pds_v0_5_sc_ecard_8c300bfdd648e5e7c17b,sc:ecard:8c300bfdd648e5e7c17b,v0.3.0,blocked_missing_current_condition,evidence_recorded,blocked_missing_current_condition,"[""drawdown_metric_available"", ""research_risk_flag_count_6""]",[],"[""confirm_current_kospi200_boundary_snapshot"", ""review_evaluation_evidence_source_packet"", ""review_cost_sensitivity_flags"", ""review_drawdown_volatility_turnover_flags"", ""confirm_no_order_or_position_instruction_is_generated"", ""treat_ml_ranking_manifest_as_reference_only""]"
pds_v0_5_sc_ecard_9045cf70f81a2fef79c9,sc:ecard:9045cf70f81a2fef79c9,v0.3.0,blocked_missing_current_condition,evidence_recorded,blocked_missing_current_condition,"[""drawdown_metric_available"", ""research_risk_flag_count_6""]",[],"[""confirm_current_kospi200_boundary_snapshot"", ""review_evaluation_evidence_source_packet"", ""review_cost_sensitivity_flags"", ""review_drawdown_volatility_turnover_flags"", ""confirm_no_order_or_position_instruction_is_generated"", ""treat_ml_ranking_manifest_as_reference_only""]"
pds_v0_5_sc_ecard_9251cf532ee8ca2e9463,sc:ecard:9251cf532ee8ca2e9463,v0.3.0,blocked_missing_current_condition,evidence_recorded,blocked_missing_current_condition,"[""drawdown_metric_available"", ""research_risk_flag_count_6""]",[],"[""confirm_current_kospi200_boundary_snapshot"", ""review_evaluation_evidence_source_packet"", ""review_cost_sensitivity_flags"", ""review_drawdown_volatility_turnover_flags"", ""confirm_no_order_or_position_instruction_is_generated"", ""treat_ml_ranking_manifest_as_reference_only""]"
pds_v0_5_sc_ecard_930cc5e5e099182e344b,sc:ecard:930cc5e5e099182e344b,v0.3.0,blocked_missing_current_condition,evidence_recorded,blocked_missing_current_condition,"[""drawdown_metric_available"", ""research_risk_flag_count_6""]",[],"[""confirm_current_kospi200_boundary_snapshot"", ""review_evaluation_evidence_source_packet"", ""review_cost_sensitivity_flags"", ""review_drawdown_volatility_turnover_flags"", ""confirm_no_order_or_position_instruction_is_generated"", ""treat_ml_ranking_manifest_as_reference_only""]"
pds_v0_5_sc_ecard_970d6a6eea742efb59b5,sc:ecard:970d6a6eea742efb59b5,v0.3.0,blocked_missing_current_condition,evidence_recorded,blocked_missing_current_condition,"[""drawdown_metric_available"", ""research_risk_flag_count_6""]",[],"[""confirm_current_kospi200_boundary_snapshot"", ""review_evaluation_evidence_source_packet"", ""review_cost_sensitivity_flags"", ""review_drawdown_volatility_turnover_flags"", ""confirm_no_order_or_position_instruction_is_generated"", ""treat_ml_ranking_manifest_as_reference_only""]"
pds_v0_5_sc_ecard_9e8efa218a7f4eac8285,sc:ecard:9e8efa218a7f4eac8285,v0.3.0,blocked_missing_current_condition,evidence_recorded,blocked_missing_current_condition,"[""drawdown_metric_available"", ""research_risk_flag_count_6""]",[],"[""confirm_current_kospi200_boundary_snapshot"", ""review_evaluation_evidence_source_packet"", ""review_cost_sensitivity_flags"", ""review_drawdown_volatility_turnover_flags"", ""confirm_no_order_or_position_instruction_is_generated"", ""treat_ml_ranking_manifest_as_reference_only""]"
pds_v0_5_sc_ecard_a082775b44c5902cc581,sc:ecard:a082775b44c5902cc581,v0.3.0,blocked_missing_current_condition,evidence_recorded,blocked_missing_current_condition,"[""drawdown_metric_available"", ""research_risk_flag_count_6""]",[],"[""confirm_current_kospi200_boundary_snapshot"", ""review_evaluation_evidence_source_packet"", ""review_cost_sensitivity_flags"", ""review_drawdown_volatility_turnover_flags"", ""confirm_no_order_or_position_instruction_is_generated"", ""treat_ml_ranking_manifest_as_reference_only""]"
pds_v0_5_sc_ecard_a0b572e687cc09c2c0c8,sc:ecard:a0b572e687cc09c2c0c8,v0.3.0,blocked_missing_current_condition,evidence_recorded,blocked_missing_current_condition,"[""drawdown_metric_available"", ""research_risk_flag_count_6""]",[],"[""confirm_current_kospi200_boundary_snapshot"", ""review_evaluation_evidence_source_packet"", ""review_cost_sensitivity_flags"", ""review_drawdown_volatility_turnover_flags"", ""confirm_no_order_or_position_instruction_is_generated"", ""treat_ml_ranking_manifest_as_reference_only""]"
pds_v0_5_sc_ecard_ac299534730e9fc98d95,sc:ecard:ac299534730e9fc98d95,v0.3.0,blocked_missing_current_condition,evidence_recorded,blocked_missing_current_condition,"[""drawdown_metric_available"", ""research_risk_flag_count_6""]",[],"[""confirm_current_kospi200_boundary_snapshot"", ""review_evaluation_evidence_source_packet"", ""review_cost_sensitivity_flags"", ""review_drawdown_volatility_turnover_flags"", ""confirm_no_order_or_position_instruction_is_generated"", ""treat_ml_ranking_manifest_as_reference_only""]"
pds_v0_5_sc_ecard_b062486da9acf6e1bcbb,sc:ecard:b062486da9acf6e1bcbb,v0.3.0,blocked_missing_current_condition,evidence_recorded,blocked_missing_current_condition,"[""drawdown_metric_available"", ""research_risk_flag_count_6""]",[],"[""confirm_current_kospi200_boundary_snapshot"", ""review_evaluation_evidence_source_packet"", ""review_cost_sensitivity_flags"", ""review_drawdown_volatility_turnover_flags"", ""confirm_no_order_or_position_instruction_is_generated"", ""treat_ml_ranking_manifest_as_reference_only""]"
pds_v0_5_sc_ecard_b350f65971f95a6ba521,sc:ecard:b350f65971f95a6ba521,v0.3.0,blocked_missing_current_condition,evidence_recorded,blocked_missing_current_condition,"[""drawdown_metric_available"", ""research_risk_flag_count_6""]",[],"[""confirm_current_kospi200_boundary_snapshot"", ""review_evaluation_evidence_source_packet"", ""review_cost_sensitivity_flags"", ""review_drawdown_volatility_turnover_flags"", ""confirm_no_order_or_position_instruction_is_generated"", ""treat_ml_ranking_manifest_as_reference_only""]"
pds_v0_5_sc_ecard_b4fdf26a68069984b392,sc:ecard:b4fdf26a68069984b392,v0.3.0,blocked_missing_current_condition,evidence_recorded,blocked_missing_current_condition,"[""drawdown_metric_available"", ""research_risk_flag_count_6""]",[],"[""confirm_current_kospi200_boundary_snapshot"", ""review_evaluation_evidence_source_packet"", ""review_cost_sensitivity_flags"", ""review_drawdown_volatility_turnover_flags"", ""confirm_no_order_or_position_instruction_is_generated"", ""treat_ml_ranking_manifest_as_reference_only""]"
pds_v0_5_sc_ecard_c678f8cfac7e251ecdea,sc:ecard:c678f8cfac7e251ecdea,v0.3.0,blocked_missing_current_condition,evidence_recorded,blocked_missing_current_condition,"[""drawdown_metric_available"", ""research_risk_flag_count_6""]",[],"[""confirm_current_kospi200_boundary_snapshot"", ""review_evaluation_evidence_source_packet"", ""review_cost_sensitivity_flags"", ""review_drawdown_volatility_turnover_flags"", ""confirm_no_order_or_position_instruction_is_generated"", ""treat_ml_ranking_manifest_as_reference_only""]"
pds_v0_5_sc_ecard_c7090f26cd0b63125f59,sc:ecard:c7090f26cd0b63125f59,v0.3.0,blocked_missing_current_condition,evidence_recorded,blocked_missing_current_condition,"[""drawdown_metric_available"", ""research_risk_flag_count_6""]",[],"[""confirm_current_kospi200_boundary_snapshot"", ""review_evaluation_evidence_source_packet"", ""review_cost_sensitivity_flags"", ""review_drawdown_volatility_turnover_flags"", ""confirm_no_order_or_position_instruction_is_generated"", ""treat_ml_ranking_manifest_as_reference_only""]"
pds_v0_5_sc_ecard_c8c49c28a8603b21dbfa,sc:ecard:c8c49c28a8603b21dbfa,v0.3.0,blocked_missing_current_condition,evidence_recorded,blocked_missing_current_condition,"[""drawdown_metric_available"", ""research_risk_flag_count_6""]",[],"[""confirm_current_kospi200_boundary_snapshot"", ""review_evaluation_evidence_source_packet"", ""review_cost_sensitivity_flags"", ""review_drawdown_volatility_turnover_flags"", ""confirm_no_order_or_position_instruction_is_generated"", ""treat_ml_ranking_manifest_as_reference_only""]"
pds_v0_5_sc_ecard_ca3dd000c8df00babbce,sc:ecard:ca3dd000c8df00babbce,v0.3.0,blocked_missing_current_condition,evidence_recorded,blocked_missing_current_condition,"[""drawdown_metric_available"", ""research_risk_flag_count_6""]",[],"[""confirm_current_kospi200_boundary_snapshot"", ""review_evaluation_evidence_source_packet"", ""review_cost_sensitivity_flags"", ""review_drawdown_volatility_turnover_flags"", ""confirm_no_order_or_position_instruction_is_generated"", ""treat_ml_ranking_manifest_as_reference_only""]"
pds_v0_5_sc_ecard_cfd996db80d683b6924e,sc:ecard:cfd996db80d683b6924e,v0.3.0,blocked_missing_current_condition,evidence_recorded,blocked_missing_current_condition,"[""drawdown_metric_available"", ""research_risk_flag_count_6""]",[],"[""confirm_current_kospi200_boundary_snapshot"", ""review_evaluation_evidence_source_packet"", ""review_cost_sensitivity_flags"", ""review_drawdown_volatility_turnover_flags"", ""confirm_no_order_or_position_instruction_is_generated"", ""treat_ml_ranking_manifest_as_reference_only""]"
pds_v0_5_sc_ecard_d591f2351ea1b8e57d77,sc:ecard:d591f2351ea1b8e57d77,v0.3.0,blocked_missing_current_condition,evidence_recorded,blocked_missing_current_condition,"[""drawdown_metric_available"", ""research_risk_flag_count_6""]",[],"[""confirm_current_kospi200_boundary_snapshot"", ""review_evaluation_evidence_source_packet"", ""review_cost_sensitivity_flags"", ""review_drawdown_volatility_turnover_flags"", ""confirm_no_order_or_position_instruction_is_generated"", ""treat_ml_ranking_manifest_as_reference_only""]"
pds_v0_5_sc_ecard_d952f32391be4d833de8,sc:ecard:d952f32391be4d833de8,v0.3.0,blocked_missing_current_condition,evidence_recorded,blocked_missing_current_condition,"[""drawdown_metric_available"", ""research_risk_flag_count_6""]",[],"[""confirm_current_kospi200_boundary_snapshot"", ""review_evaluation_evidence_source_packet"", ""review_cost_sensitivity_flags"", ""review_drawdown_volatility_turnover_flags"", ""confirm_no_order_or_position_instruction_is_generated"", ""treat_ml_ranking_manifest_as_reference_only""]"
pds_v0_5_sc_ecard_daf4d160e04a65278278,sc:ecard:daf4d160e04a65278278,v0.3.0,blocked_missing_current_condition,evidence_recorded,blocked_missing_current_condition,"[""drawdown_metric_available"", ""research_risk_flag_count_6""]",[],"[""confirm_current_kospi200_boundary_snapshot"", ""review_evaluation_evidence_source_packet"", ""review_cost_sensitivity_flags"", ""review_drawdown_volatility_turnover_flags"", ""confirm_no_order_or_position_instruction_is_generated"", ""treat_ml_ranking_manifest_as_reference_only""]"
pds_v0_5_sc_ecard_ddd7f55eedcf50910593,sc:ecard:ddd7f55eedcf50910593,v0.3.0,blocked_missing_current_condition,evidence_recorded,blocked_missing_current_condition,"[""drawdown_metric_available"", ""research_risk_flag_count_6""]",[],"[""confirm_current_kospi200_boundary_snapshot"", ""review_evaluation_evidence_source_packet"", ""review_cost_sensitivity_flags"", ""review_drawdown_volatility_turnover_flags"", ""confirm_no_order_or_position_instruction_is_generated"", ""treat_ml_ranking_manifest_as_reference_only""]"
pds_v0_5_sc_ecard_e17eedd2d4b34ad36afc,sc:ecard:e17eedd2d4b34ad36afc,v0.3.0,blocked_missing_current_condition,evidence_recorded,blocked_missing_current_condition,"[""drawdown_metric_available"", ""research_risk_flag_count_6""]",[],"[""confirm_current_kospi200_boundary_snapshot"", ""review_evaluation_evidence_source_packet"", ""review_cost_sensitivity_flags"", ""review_drawdown_volatility_turnover_flags"", ""confirm_no_order_or_position_instruction_is_generated"", ""treat_ml_ranking_manifest_as_reference_only""]"
pds_v0_5_sc_ecard_e389d85092f8a47f51ab,sc:ecard:e389d85092f8a47f51ab,v0.3.0,blocked_missing_current_condition,evidence_recorded,blocked_missing_current_condition,"[""drawdown_metric_available"", ""research_risk_flag_count_6""]",[],"[""confirm_current_kospi200_boundary_snapshot"", ""review_evaluation_evidence_source_packet"", ""review_cost_sensitivity_flags"", ""review_drawdown_volatility_turnover_flags"", ""confirm_no_order_or_position_instruction_is_generated"", ""treat_ml_ranking_manifest_as_reference_only""]"
pds_v0_5_sc_ecard_e5282acba434eaf3e08e,sc:ecard:e5282acba434eaf3e08e,v0.3.0,blocked_missing_current_condition,evidence_recorded,blocked_missing_current_condition,"[""drawdown_metric_available"", ""research_risk_flag_count_6""]",[],"[""confirm_current_kospi200_boundary_snapshot"", ""review_evaluation_evidence_source_packet"", ""review_cost_sensitivity_flags"", ""review_drawdown_volatility_turnover_flags"", ""confirm_no_order_or_position_instruction_is_generated"", ""treat_ml_ranking_manifest_as_reference_only""]"
pds_v0_5_sc_ecard_e5dbdb28a625b1099ad6,sc:ecard:e5dbdb28a625b1099ad6,v0.3.0,blocked_missing_current_condition,evidence_recorded,blocked_missing_current_condition,"[""drawdown_metric_available"", ""research_risk_flag_count_6""]",[],"[""confirm_current_kospi200_boundary_snapshot"", ""review_evaluation_evidence_source_packet"", ""review_cost_sensitivity_flags"", ""review_drawdown_volatility_turnover_flags"", ""confirm_no_order_or_position_instruction_is_generated"", ""treat_ml_ranking_manifest_as_reference_only""]"
pds_v0_5_sc_ecard_e6ddd42db570903e4c9e,sc:ecard:e6ddd42db570903e4c9e,v0.3.0,blocked_missing_current_condition,evidence_recorded,blocked_missing_current_condition,"[""drawdown_metric_available"", ""research_risk_flag_count_6""]",[],"[""confirm_current_kospi200_boundary_snapshot"", ""review_evaluation_evidence_source_packet"", ""review_cost_sensitivity_flags"", ""review_drawdown_volatility_turnover_flags"", ""confirm_no_order_or_position_instruction_is_generated"", ""treat_ml_ranking_manifest_as_reference_only""]"
pds_v0_5_sc_ecard_ed310a3bccbd93ccd645,sc:ecard:ed310a3bccbd93ccd645,v0.3.0,blocked_missing_current_condition,evidence_recorded,blocked_missing_current_condition,"[""drawdown_metric_available"", ""research_risk_flag_count_6""]",[],"[""confirm_current_kospi200_boundary_snapshot"", ""review_evaluation_evidence_source_packet"", ""review_cost_sensitivity_flags"", ""review_drawdown_volatility_turnover_flags"", ""confirm_no_order_or_position_instruction_is_generated"", ""treat_ml_ranking_manifest_as_reference_only""]"
